,train_accuracy,val_accuracy,test_accuracy,area_under_curve,precision,recall,F1,sparsity_score,hidden_layers
0,0.8167499899864197,0.5687500238418579,0.7919999957084656,0.7177057935678626,0.48450704225352115,0.4246913580246914,0.45263157894736844,0.8636,[8]
1,0.7446249723434448,0.3375000059604645,0.7864999771118164,0.7215643020240721,0.4645161290322581,0.35555555555555557,0.40279720279720277,1.2273,[16]
2,0.5377500057220459,0.3606249988079071,0.7404999732971191,0.6972684701420333,0.3869047619047619,0.48148148148148145,0.429042904290429,1.5909,[24]
3,0.7946249842643738,0.5587499737739563,0.8059999942779541,0.6942977669414451,0.5794392523364486,0.15308641975308643,0.24218749999999997,1.9545,[32]
4,0.7478749752044678,0.5818750262260437,0.7929999828338623,0.6915569487983282,0.4845360824742268,0.34814814814814815,0.4051724137931034,2.3182,[40]
5,0.6473749876022339,0.31687501072883606,0.7584999799728394,0.6841224505592323,0.4117647058823529,0.44938271604938274,0.4297520661157025,2.6818,[48]
6,0.7511249780654907,0.6618750095367432,0.8029999732971191,0.7024366268044429,0.5236051502145923,0.3012345679012346,0.3824451410658307,0.6136,"[8, 4, 2]"
