,train_accuracy,val_accuracy,test_accuracy,area_under_curve,precision,recall,F1,sparsity_score,hidden_layers
0,0.7473750114440918,0.5874999761581421,0.7879999876022339,0.6849057626069122,0.4666666666666667,0.32839506172839505,0.3855072463768116,1.1534,"[24, 3]"
0,0.7864999771118164,0.637499988079071,0.7875000238418579,0.6643647199969039,0.46,0.2839506172839506,0.3511450381679389,2.0682,"[40, 20, 10, 5, 2]"
0,0.7996249794960022,0.6050000190734863,0.8080000281333923,0.6764534231200898,0.547085201793722,0.3012345679012346,0.3885350318471338,1.5795,"[32, 8, 2]"
0,0.799875020980835,0.5743749737739563,0.8100000023841858,0.7285142613878246,0.5560538116591929,0.30617283950617286,0.39490445859872614,2.6818,[48]
0,0.8582500219345093,0.7731249928474426,0.809499979019165,0.7184519524749409,0.5666666666666667,0.2518518518518518,0.34871794871794876,0.3793,[8]
0,0.8542500138282776,0.5400000214576721,0.7990000247955322,0.7118712024459152,0.5059288537549407,0.3160493827160494,0.3890577507598784,0.7585,[16]
0,0.8324999809265137,0.5556250214576721,0.7910000085830688,0.6987576918611401,0.48059701492537316,0.39753086419753086,0.43513513513513513,0.4261,[8]
0,0.7338749766349792,0.6100000143051147,0.7785000205039978,0.7090274391423816,0.44808743169398907,0.4049382716049383,0.4254215304798962,1.1065,[24]
